date,home_team,away_team,home_xg,away_xg,home_1h_xg,away_1h_xg,home_2h_xg,away_2h_xg,home_shots_1h,away_shots_1h,league,season
2022-08-05,Crystal Palace,Arsenal,0.72,2.64,0.38,1.3,0.34,1.34,7,1,EPL,2022-2023
2022-08-06,Newcastle,Nott'm Forest,1.88,0.46,0.76,0.24,1.12,0.22,7,4,EPL,2022-2023
2022-08-06,Bournemouth,Aston Villa,2.6,0.89,0.99,0.42,1.61,0.47,3,1,EPL,2022-2023
2022-08-06,Tottenham,Southampton,4.38,1.41,1.8,0.77,2.58,0.64,4,7,EPL,2022-2023
2022-08-06,Everton,Chelsea,0.15,1.48,0.05,0.55,0.1,0.93,8,5,EPL,2022-2023
2022-08-06,Leeds,Wolves,1.78,1.45,0.72,0.69,1.06,0.76,2,2,EPL,2022-2023
2022-08-06,Fulham,Liverpool,2.35,2.43,1.13,1.2,1.22,1.23,6,6,EPL,2022-2023
2022-08-07,Man United,Brighton,1.32,3.06,0.5,1.36,0.82,1.7,7,1,EPL,2022-2023
2022-08-07,West Ham,Man City,0.59,2.54,0.22,1.04,0.37,1.5,7,4,EPL,2022-2023
2022-08-07,Leicester,Brentford,1.96,1.52,0.74,0.7,1.22,0.82,6,1,EPL,2022-2023
2022-08-13,Arsenal,Leicester,4.03,2.63,2.17,1.11,1.86,1.52,7,3,EPL,2022-2023
2022-08-13,Aston Villa,Everton,2.75,1.13,0.99,0.44,1.76,0.69,2,6,EPL,2022-2023
2022-08-13,Brentford,Man United,3.66,0.82,1.82,0.35,1.84,0.47,4,6,EPL,2022-2023
2022-08-13,Brighton,Newcastle,0.75,1.48,0.41,0.55,0.34,0.93,4,6,EPL,2022-2023
2022-08-13,Wolves,Fulham,0.95,0.25,0.39,0.11,0.56,0.14,3,3,EPL,2022-2023
2022-08-13,Southampton,Leeds,2.28,2.03,1.0,0.78,1.28,1.25,6,2,EPL,2022-2023
2022-08-13,Man City,Bournemouth,3.93,0.25,2.05,0.12,1.88,0.13,2,7,EPL,2022-2023
2022-08-14,Nott'm Forest,West Ham,1.18,0.1,0.58,0.05,0.6,0.05,7,4,EPL,2022-2023
2022-08-14,Chelsea,Tottenham,2.13,2.3,1.06,0.92,1.07,1.38,2,4,EPL,2022-2023
2022-08-15,Liverpool,Crystal Palace,1.62,1.4,0.72,0.55,0.9,0.85,2,1,EPL,2022-2023
2022-08-20,Fulham,Brentford,2.95,2.7,1.61,1.47,1.34,1.23,8,3,EPL,2022-2023
2022-08-20,Tottenham,Wolves,1.12,0.47,0.49,0.26,0.63,0.21,4,6,EPL,2022-2023
2022-08-20,Bournemouth,Arsenal,0.85,3.2,0.36,1.3,0.49,1.9,3,1,EPL,2022-2023
2022-08-20,Crystal Palace,Aston Villa,3.6,1.45,1.53,0.73,2.07,0.72,6,3,EPL,2022-2023
2022-08-20,Everton,Nott'm Forest,1.4,1.18,0.53,0.49,0.87,0.69,5,1,EPL,2022-2023
2022-08-20,Leicester,Southampton,1.11,2.31,0.45,1.1,0.66,1.21,5,5,EPL,2022-2023
2022-08-21,West Ham,Brighton,0.69,2.15,0.28,0.86,0.41,1.29,7,2,EPL,2022-2023
2022-08-21,Leeds,Chelsea,3.24,0.66,1.72,0.3,1.52,0.36,3,5,EPL,2022-2023
2022-08-21,Newcastle,Man City,3.5,2.11,1.62,1.07,1.88,1.04,2,6,EPL,2022-2023
2022-08-22,Man United,Liverpool,2.57,1.37,1.08,0.68,1.49,0.69,6,5,EPL,2022-2023
2022-08-27,Southampton,Man United,0.34,1.33,0.16,0.61,0.18,0.72,3,4,EPL,2022-2023
2022-08-27,Arsenal,Fulham,2.19,2.41,0.8,1.27,1.39,1.14,4,2,EPL,2022-2023
2022-08-27,Brighton,Leeds,2.05,0.78,0.86,0.34,1.19,0.44,5,1,EPL,2022-2023
2022-08-27,Brentford,Everton,1.1,1.72,0.56,0.88,0.54,0.84,3,3,EPL,2022-2023
2022-08-27,Man City,Crystal Palace,4.39,2.49,1.76,0.9,2.63,1.59,8,3,EPL,2022-2023
2022-08-27,Liverpool,Bournemouth,4.5,1.04,2.12,0.36,2.38,0.68,3,5,EPL,2022-2023
2022-08-27,Chelsea,Leicester,2.17,1.22,0.94,0.56,1.23,0.66,4,7,EPL,2022-2023
2022-08-28,Aston Villa,West Ham,0.92,0.91,0.37,0.45,0.55,0.46,8,7,EPL,2022-2023
2022-08-28,Nott'm Forest,Tottenham,0.46,2.08,0.24,0.83,0.22,1.25,5,7,EPL,2022-2023
2022-08-28,Wolves,Newcastle,1.27,1.02,0.63,0.55,0.64,0.47,2,2,EPL,2022-2023
2022-08-30,Leeds,Everton,0.94,1.56,0.35,0.55,0.59,1.01,3,7,EPL,2022-2023
2022-08-30,Fulham,Brighton,1.85,1.55,0.88,0.71,0.97,0.84,7,5,EPL,2022-2023
2022-08-30,Crystal Palace,Brentford,1.08,1.29,0.42,0.71,0.66,0.58,4,1,EPL,2022-2023
2022-08-30,Southampton,Chelsea,2.5,1.38,0.99,0.75,1.51,0.63,3,2,EPL,2022-2023
2022-08-31,Liverpool,Newcastle,2.36,0.83,1.19,0.35,1.17,0.48,3,1,EPL,2022-2023
2022-08-31,West Ham,Tottenham,1.73,0.43,0.7,0.19,1.03,0.24,7,2,EPL,2022-2023
2022-08-31,Man City,Nott'm Forest,4.5,0.51,1.64,0.19,2.86,0.32,3,1,EPL,2022-2023
2022-08-31,Arsenal,Aston Villa,2.36,1.43,0.84,0.65,1.52,0.78,5,6,EPL,2022-2023
2022-08-31,Bournemouth,Wolves,0.85,0.93,0.37,0.44,0.48,0.49,7,4,EPL,2022-2023
2022-09-01,Leicester,Man United,0.48,1.93,0.23,0.77,0.25,1.16,7,5,EPL,2022-2023
2022-09-03,Tottenham,Fulham,2.49,1.89,1.11,0.71,1.38,1.18,2,4,EPL,2022-2023
2022-09-03,Nott'm Forest,Bournemouth,2.11,3.45,1.13,1.32,0.98,2.13,7,6,EPL,2022-2023
2022-09-03,Aston Villa,Man City,1.45,1.14,0.67,0.54,0.78,0.6,7,1,EPL,2022-2023
2022-09-03,Everton,Liverpool,0.79,0.1,0.34,0.04,0.45,0.06,8,2,EPL,2022-2023
2022-09-03,Brentford,Leeds,4.5,2.47,2.47,1.23,2.03,1.24,8,1,EPL,2022-2023
2022-09-03,Newcastle,Crystal Palace,0.87,0.1,0.32,0.05,0.55,0.05,2,5,EPL,2022-2023
2022-09-03,Chelsea,West Ham,2.26,1.2,1.21,0.64,1.05,0.56,6,4,EPL,2022-2023
2022-09-03,Wolves,Southampton,1.28,0.4,0.58,0.19,0.7,0.21,6,3,EPL,2022-2023
2022-09-04,Man United,Arsenal,2.62,1.5,1.15,0.81,1.47,0.69,6,7,EPL,2022-2023
2022-09-04,Brighton,Leicester,4.5,2.17,2.17,0.93,2.33,1.24,3,5,EPL,2022-2023
2022-09-16,Nott'm Forest,Fulham,2.47,2.22,1.0,1.04,1.47,1.18,2,5,EPL,2022-2023
2022-09-16,Aston Villa,Southampton,1.55,0.73,0.75,0.31,0.8,0.42,3,2,EPL,2022-2023
2022-09-17,Newcastle,Bournemouth,0.87,1.42,0.48,0.5,0.39,0.92,5,5,EPL,2022-2023
2022-09-17,Tottenham,Leicester,4.5,1.69,2.1,0.61,2.4,1.08,2,4,EPL,2022-2023
2022-09-17,Wolves,Man City,0.5,3.24,0.25,1.75,0.25,1.49,5,6,EPL,2022-2023
2022-09-18,Everton,West Ham,1.78,0.1,0.72,0.04,1.06,0.06,8,3,EPL,2022-2023
2022-09-18,Brentford,Arsenal,0.74,2.34,0.4,1.07,0.34,1.27,4,1,EPL,2022-2023
2022-10-01,West Ham,Wolves,1.93,0.24,0.86,0.13,1.07,0.11,6,2,EPL,2022-2023
2022-10-01,Bournemouth,Brentford,0.44,0.1,0.23,0.04,0.21,0.06,2,2,EPL,2022-2023
2022-10-01,Crystal Palace,Chelsea,0.86,2.59,0.31,1.32,0.55,1.27,5,4,EPL,2022-2023
2022-10-01,Liverpool,Brighton,2.74,3.54,1.21,1.39,1.53,2.15,4,7,EPL,2022-2023
2022-10-01,Southampton,Everton,1.58,1.85,0.81,0.88,0.77,0.97,7,2,EPL,2022-2023
2022-10-01,Arsenal,Tottenham,3.49,1.05,1.73,0.53,1.76,0.52,2,2,EPL,2022-2023
2022-10-01,Fulham,Newcastle,2.25,4.0,0.97,2.0,1.28,2.0,7,2,EPL,2022-2023
2022-10-02,Leeds,Aston Villa,1.77,0.1,0.83,0.04,0.94,0.06,8,7,EPL,2022-2023
2022-10-02,Man City,Man United,4.5,2.89,2.1,1.2,2.4,1.69,6,7,EPL,2022-2023
2022-10-03,Leicester,Nott'm Forest,3.83,0.9,2.06,0.45,1.77,0.45,7,3,EPL,2022-2023
2022-10-08,Chelsea,Wolves,3.58,0.44,1.42,0.2,2.16,0.24,2,1,EPL,2022-2023
2022-10-08,Brighton,Tottenham,0.41,1.34,0.17,0.54,0.24,0.8,2,4,EPL,2022-2023
2022-10-08,Bournemouth,Leicester,2.28,1.2,1.1,0.56,1.18,0.64,7,5,EPL,2022-2023
2022-10-08,Man City,Southampton,4.5,0.1,2.21,0.04,2.29,0.06,5,1,EPL,2022-2023
2022-10-08,Newcastle,Brentford,4.5,0.91,1.95,0.37,2.55,0.54,5,5,EPL,2022-2023
2022-10-09,Everton,Man United,1.06,2.18,0.54,0.91,0.52,1.27,5,2,EPL,2022-2023
2022-10-09,Crystal Palace,Leeds,2.01,1.53,1.07,0.58,0.94,0.95,4,1,EPL,2022-2023
2022-10-09,West Ham,Fulham,4.0,0.91,1.87,0.49,2.13,0.42,8,7,EPL,2022-2023
2022-10-09,Arsenal,Liverpool,2.82,2.45,1.16,1.14,1.66,1.31,6,2,EPL,2022-2023
2022-10-10,Nott'm Forest,Aston Villa,1.82,1.15,0.76,0.59,1.06,0.56,6,5,EPL,2022-2023
2022-10-14,Brentford,Brighton,2.45,0.27,1.26,0.14,1.19,0.13,5,7,EPL,2022-2023
2022-10-15,Tottenham,Everton,2.04,0.24,0.76,0.1,1.28,0.14,8,3,EPL,2022-2023
2022-10-15,Leicester,Crystal Palace,0.42,0.67,0.22,0.29,0.2,0.38,7,1,EPL,2022-2023
2022-10-15,Fulham,Bournemouth,1.79,1.99,0.72,1.08,1.07,0.91,3,4,EPL,2022-2023
2022-10-15,Wolves,Nott'm Forest,1.52,0.49,0.66,0.26,0.86,0.23,8,6,EPL,2022-2023
2022-10-16,Southampton,West Ham,1.56,0.53,0.75,0.23,0.81,0.3,4,2,EPL,2022-2023
2022-10-16,Liverpool,Man City,1.29,0.39,0.5,0.17,0.79,0.22,2,6,EPL,2022-2023
2022-10-16,Man United,Newcastle,1.04,0.1,0.52,0.05,0.52,0.05,2,5,EPL,2022-2023
2022-10-16,Aston Villa,Chelsea,0.77,1.87,0.39,0.7,0.38,1.17,2,7,EPL,2022-2023
2022-10-16,Leeds,Arsenal,1.21,0.99,0.45,0.43,0.76,0.56,7,7,EPL,2022-2023
2022-10-18,Crystal Palace,Wolves,2.99,1.12,1.06,0.55,1.93,0.57,4,4,EPL,2022-2023
2022-10-18,Brighton,Nott'm Forest,0.53,0.28,0.22,0.11,0.31,0.17,6,5,EPL,2022-2023
2022-10-19,Newcastle,Everton,1.09,0.46,0.55,0.17,0.54,0.29,5,7,EPL,2022-2023
2022-10-19,Brentford,Chelsea,0.44,0.53,0.16,0.26,0.28,0.27,5,3,EPL,2022-2023
2022-10-19,Man United,Tottenham,2.3,0.75,0.94,0.31,1.36,0.44,8,7,EPL,2022-2023
2022-10-19,Bournemouth,Southampton,0.53,1.19,0.21,0.6,0.32,0.59,2,2,EPL,2022-2023
2022-10-19,Liverpool,West Ham,1.59,1.18,0.7,0.58,0.89,0.6,5,3,EPL,2022-2023
2022-10-20,Leicester,Leeds,2.34,0.54,1.02,0.25,1.32,0.29,8,5,EPL,2022-2023
2022-10-20,Fulham,Aston Villa,2.33,0.41,1.14,0.23,1.19,0.18,2,6,EPL,2022-2023
2022-10-22,Man City,Brighton,2.81,1.34,1.28,0.69,1.53,0.65,5,3,EPL,2022-2023
2022-10-22,Chelsea,Man United,0.96,1.64,0.44,0.82,0.52,0.82,2,5,EPL,2022-2023
2022-10-22,Nott'm Forest,Liverpool,1.1,1.0,0.43,0.52,0.67,0.48,8,1,EPL,2022-2023
2022-10-22,Everton,Crystal Palace,3.02,0.45,1.47,0.24,1.55,0.21,4,6,EPL,2022-2023
2022-10-23,Southampton,Arsenal,1.85,2.18,0.77,1.11,1.08,1.07,7,1,EPL,2022-2023
2022-10-23,Wolves,Leicester,1.13,2.97,0.59,1.29,0.54,1.68,4,4,EPL,2022-2023
2022-10-23,Tottenham,Newcastle,1.39,1.93,0.52,0.95,0.87,0.98,7,4,EPL,2022-2023
2022-10-23,Aston Villa,Brentford,4.07,0.85,1.61,0.38,2.46,0.47,6,7,EPL,2022-2023
2022-10-23,Leeds,Fulham,1.87,3.19,0.76,1.46,1.11,1.73,4,7,EPL,2022-2023
2022-10-24,West Ham,Bournemouth,2.34,0.94,1.03,0.47,1.31,0.47,3,2,EPL,2022-2023
2022-10-29,Crystal Palace,Southampton,2.2,0.59,0.98,0.21,1.22,0.38,2,1,EPL,2022-2023
2022-10-29,Newcastle,Aston Villa,3.89,0.33,1.76,0.18,2.13,0.15,7,6,EPL,2022-2023
2022-10-29,Brighton,Chelsea,3.41,1.06,1.8,0.57,1.61,0.49,4,6,EPL,2022-2023
2022-10-29,Brentford,Wolves,1.21,1.98,0.62,0.82,0.59,1.16,3,5,EPL,2022-2023
2022-10-29,Leicester,Man City,0.31,1.35,0.12,0.66,0.19,0.69,2,7,EPL,2022-2023
2022-10-29,Bournemouth,Tottenham,2.04,2.77,1.07,1.17,0.97,1.6,6,5,EPL,2022-2023
2022-10-29,Liverpool,Leeds,1.38,2.72,0.64,1.17,0.74,1.55,4,1,EPL,2022-2023
2022-10-29,Fulham,Everton,0.18,0.67,0.09,0.27,0.09,0.4,4,2,EPL,2022-2023
2022-10-30,Arsenal,Nott'm Forest,4.5,0.1,1.68,0.04,2.82,0.06,7,1,EPL,2022-2023
2022-10-30,Man United,West Ham,2.3,1.21,0.98,0.56,1.32,0.65,2,7,EPL,2022-2023
2022-11-05,Man City,Fulham,3.03,1.15,1.55,0.62,1.48,0.53,5,4,EPL,2022-2023
2022-11-05,Nott'm Forest,Brentford,2.44,2.37,1.05,1.16,1.39,1.21,7,4,EPL,2022-2023
2022-11-05,Leeds,Bournemouth,3.61,3.06,1.38,1.28,2.23,1.78,6,7,EPL,2022-2023
2022-11-05,Wolves,Brighton,2.2,2.93,0.89,1.03,1.31,1.9,3,6,EPL,2022-2023
2022-11-05,Everton,Leicester,0.91,2.57,0.48,1.4,0.43,1.17,4,7,EPL,2022-2023
2022-11-06,Southampton,Newcastle,1.62,3.5,0.72,1.65,0.9,1.85,7,3,EPL,2022-2023
2022-11-06,Aston Villa,Man United,3.0,0.65,1.25,0.28,1.75,0.37,8,3,EPL,2022-2023
2022-11-06,Chelsea,Arsenal,0.55,1.55,0.22,0.71,0.33,0.84,2,2,EPL,2022-2023
2022-11-06,Tottenham,Liverpool,0.9,2.4,0.4,0.86,0.5,1.54,6,5,EPL,2022-2023
2022-11-06,West Ham,Crystal Palace,1.64,2.13,0.83,1.03,0.81,1.1,7,2,EPL,2022-2023
2022-11-12,Man City,Brentford,1.14,1.31,0.52,0.63,0.62,0.68,4,3,EPL,2022-2023
2022-11-12,Wolves,Arsenal,0.16,2.49,0.08,0.92,0.08,1.57,6,5,EPL,2022-2023
2022-11-12,West Ham,Leicester,1.08,2.72,0.51,0.97,0.57,1.75,4,7,EPL,2022-2023
2022-11-12,Liverpool,Southampton,3.26,1.9,1.65,0.79,1.61,1.11,7,1,EPL,2022-2023
2022-11-12,Bournemouth,Everton,3.34,0.59,1.61,0.23,1.73,0.36,8,3,EPL,2022-2023
2022-11-12,Tottenham,Leeds,3.3,3.02,1.61,1.65,1.69,1.37,7,1,EPL,2022-2023
2022-11-12,Nott'm Forest,Crystal Palace,1.82,0.98,0.72,0.4,1.1,0.58,2,4,EPL,2022-2023
2022-11-12,Newcastle,Chelsea,1.63,1.12,0.81,0.44,0.82,0.68,7,6,EPL,2022-2023
2022-11-13,Brighton,Aston Villa,1.01,2.6,0.4,1.01,0.61,1.59,3,1,EPL,2022-2023
2022-11-13,Fulham,Man United,1.26,1.77,0.69,0.75,0.57,1.02,8,4,EPL,2022-2023
2022-12-26,Leicester,Newcastle,0.71,3.08,0.28,1.45,0.43,1.63,8,3,EPL,2022-2023
2022-12-26,Brentford,Tottenham,2.32,2.33,0.92,1.18,1.4,1.15,2,6,EPL,2022-2023
2022-12-26,Everton,Wolves,1.33,1.43,0.69,0.6,0.64,0.83,2,2,EPL,2022-2023
2022-12-26,Crystal Palace,Fulham,0.56,3.19,0.22,1.52,0.34,1.67,6,2,EPL,2022-2023
2022-12-26,Southampton,Brighton,1.35,3.91,0.57,1.75,0.78,2.16,3,1,EPL,2022-2023
2022-12-26,Aston Villa,Liverpool,1.51,3.26,0.74,1.69,0.77,1.57,8,3,EPL,2022-2023
2022-12-26,Arsenal,West Ham,3.74,1.89,1.43,0.88,2.31,1.01,5,4,EPL,2022-2023
2022-12-27,Man United,Nott'm Forest,2.12,0.52,0.81,0.21,1.31,0.31,6,7,EPL,2022-2023
2022-12-27,Chelsea,Bournemouth,2.21,0.42,0.99,0.21,1.22,0.21,8,4,EPL,2022-2023
2022-12-28,Leeds,Man City,1.52,3.15,0.61,1.62,0.91,1.53,3,2,EPL,2022-2023
2022-12-30,West Ham,Brentford,1.29,1.75,0.46,0.89,0.83,0.86,3,2,EPL,2022-2023
2022-12-30,Liverpool,Leicester,1.69,1.69,0.8,0.79,0.89,0.9,4,5,EPL,2022-2023
2022-12-31,Newcastle,Leeds,0.18,0.85,0.09,0.4,0.09,0.45,5,7,EPL,2022-2023
2022-12-31,Wolves,Man United,0.47,1.33,0.22,0.61,0.25,0.72,4,5,EPL,2022-2023
2022-12-31,Brighton,Arsenal,2.82,4.0,1.22,1.44,1.6,2.56,4,6,EPL,2022-2023
2022-12-31,Man City,Everton,1.63,2.16,0.87,0.78,0.76,1.38,8,4,EPL,2022-2023
2022-12-31,Bournemouth,Crystal Palace,1.3,2.34,0.69,1.23,0.61,1.11,2,3,EPL,2022-2023
2022-12-31,Fulham,Southampton,2.48,1.59,0.98,0.82,1.5,0.77,5,7,EPL,2022-2023
2023-01-01,Tottenham,Aston Villa,0.93,1.51,0.38,0.69,0.55,0.82,7,3,EPL,2022-2023
2023-01-01,Nott'm Forest,Chelsea,1.33,0.97,0.51,0.34,0.82,0.63,5,4,EPL,2022-2023
2023-01-02,Brentford,Liverpool,3.18,1.8,1.31,0.83,1.87,0.97,8,6,EPL,2022-2023
2023-01-03,Leicester,Fulham,0.32,1.41,0.13,0.51,0.19,0.9,8,7,EPL,2022-2023
2023-01-03,Arsenal,Newcastle,1.0,0.1,0.48,0.04,0.52,0.06,4,7,EPL,2022-2023
2023-01-03,Everton,Brighton,0.98,4.0,0.38,1.9,0.6,2.1,7,5,EPL,2022-2023
2023-01-03,Man United,Bournemouth,3.46,0.23,1.85,0.12,1.61,0.11,3,1,EPL,2022-2023
2023-01-04,Leeds,West Ham,2.22,2.71,0.82,1.14,1.4,1.57,3,1,EPL,2022-2023
2023-01-04,Crystal Palace,Tottenham,1.07,3.81,0.38,1.99,0.69,1.82,8,5,EPL,2022-2023
2023-01-04,Aston Villa,Wolves,1.75,1.38,0.91,0.74,0.84,0.64,2,4,EPL,2022-2023
2023-01-04,Southampton,Nott'm Forest,1.33,1.77,0.65,0.63,0.68,1.14,4,1,EPL,2022-2023
2023-01-05,Chelsea,Man City,0.89,0.94,0.37,0.37,0.52,0.57,6,5,EPL,2022-2023
2023-01-12,Fulham,Chelsea,2.03,1.3,0.73,0.7,1.3,0.6,4,2,EPL,2022-2023
2023-01-13,Aston Villa,Leeds,2.76,0.99,1.39,0.5,1.37,0.49,8,2,EPL,2022-2023
2023-01-14,Man United,Man City,1.38,1.03,0.68,0.48,0.7,0.55,2,1,EPL,2022-2023
2023-01-14,Brighton,Liverpool,3.27,0.18,1.41,0.07,1.86,0.11,7,4,EPL,2022-2023
2023-01-14,Everton,Southampton,1.48,2.76,0.59,1.17,0.89,1.59,8,3,EPL,2022-2023
2023-01-14,Nott'm Forest,Leicester,2.47,0.53,1.13,0.21,1.34,0.32,6,7,EPL,2022-2023
2023-01-14,Wolves,West Ham,2.1,0.23,0.82,0.12,1.28,0.11,3,4,EPL,2022-2023
2023-01-14,Brentford,Bournemouth,1.47,0.39,0.73,0.15,0.74,0.24,6,7,EPL,2022-2023
2023-01-15,Newcastle,Fulham,2.04,0.43,0.91,0.16,1.13,0.27,5,2,EPL,2022-2023
2023-01-15,Chelsea,Crystal Palace,1.6,0.49,0.75,0.26,0.85,0.23,6,7,EPL,2022-2023
2023-01-15,Tottenham,Arsenal,0.37,2.13,0.2,0.94,0.17,1.19,7,5,EPL,2022-2023
2023-01-18,Crystal Palace,Man United,1.54,1.78,0.73,0.79,0.81,0.99,6,6,EPL,2022-2023
2023-01-19,Man City,Tottenham,4.09,2.02,1.95,0.92,2.14,1.1,7,3,EPL,2022-2023
2023-01-21,Leicester,Brighton,1.95,2.42,0.85,0.88,1.1,1.54,7,1,EPL,2022-2023
2023-01-21,Crystal Palace,Newcastle,0.18,0.1,0.09,0.04,0.09,0.06,6,4,EPL,2022-2023
2023-01-21,West Ham,Everton,2.25,1.03,0.81,0.44,1.44,0.59,6,5,EPL,2022-2023
2023-01-21,Southampton,Aston Villa,1.19,1.24,0.54,0.59,0.65,0.65,4,7,EPL,2022-2023
2023-01-21,Liverpool,Chelsea,0.3,1.11,0.14,0.46,0.16,0.65,6,2,EPL,2022-2023
2023-01-21,Bournemouth,Nott'm Forest,1.12,1.09,0.44,0.42,0.68,0.67,4,2,EPL,2022-2023
2023-01-22,Leeds,Brentford,0.68,0.57,0.36,0.3,0.32,0.27,2,2,EPL,2022-2023
2023-01-22,Man City,Wolves,3.49,1.41,1.35,0.77,2.14,0.64,3,7,EPL,2022-2023
2023-01-22,Arsenal,Man United,3.15,1.73,1.66,0.76,1.49,0.97,6,1,EPL,2022-2023
2023-01-23,Fulham,Tottenham,0.52,1.41,0.21,0.7,0.31,0.71,7,2,EPL,2022-2023
2023-02-03,Chelsea,Fulham,0.15,0.73,0.07,0.27,0.08,0.46,4,6,EPL,2022-2023
2023-02-04,Wolves,Liverpool,3.17,1.02,1.14,0.54,2.03,0.48,3,2,EPL,2022-2023
2023-02-04,Man United,Crystal Palace,2.48,1.49,0.95,0.61,1.53,0.88,6,5,EPL,2022-2023
2023-02-04,Everton,Arsenal,1.73,0.35,0.71,0.18,1.02,0.17,8,2,EPL,2022-2023
2023-02-04,Aston Villa,Leicester,2.36,4.0,0.89,1.44,1.47,2.56,7,4,EPL,2022-2023
2023-02-04,Newcastle,West Ham,1.17,1.48,0.49,0.66,0.68,0.82,5,6,EPL,2022-2023
2023-02-04,Brighton,Bournemouth,1.38,0.94,0.56,0.38,0.82,0.56,3,7,EPL,2022-2023
2023-02-04,Brentford,Southampton,3.23,0.36,1.46,0.14,1.77,0.22,6,3,EPL,2022-2023
2023-02-05,Nott'm Forest,Leeds,1.4,0.1,0.77,0.04,0.63,0.06,7,4,EPL,2022-2023
2023-02-05,Tottenham,Man City,1.78,0.35,0.7,0.15,1.08,0.2,3,4,EPL,2022-2023
2023-02-08,Man United,Leeds,1.78,1.39,0.68,0.53,1.1,0.86,6,3,EPL,2022-2023
2023-02-11,West Ham,Chelsea,1.18,1.27,0.45,0.57,0.73,0.7,8,5,EPL,2022-2023
2023-02-11,Arsenal,Brentford,1.75,1.15,0.82,0.58,0.93,0.57,7,6,EPL,2022-2023
2023-02-11,Crystal Palace,Brighton,1.34,1.86,0.58,0.98,0.76,0.88,3,4,EPL,2022-2023
2023-02-11,Fulham,Nott'm Forest,2.38,0.83,0.86,0.43,1.52,0.4,5,5,EPL,2022-2023
2023-02-11,Bournemouth,Newcastle,1.89,1.5,1.01,0.58,0.88,0.92,8,3,EPL,2022-2023
2023-02-11,Southampton,Wolves,1.98,2.21,0.86,0.81,1.12,1.4,3,6,EPL,2022-2023
2023-02-11,Leicester,Tottenham,3.97,1.46,2.01,0.56,1.96,0.9,5,3,EPL,2022-2023
2023-02-12,Leeds,Man United,0.27,1.71,0.11,0.92,0.16,0.79,5,2,EPL,2022-2023
2023-02-12,Man City,Aston Villa,2.56,1.77,1.28,0.92,1.28,0.85,3,1,EPL,2022-2023
2023-02-13,Liverpool,Everton,2.99,0.1,1.38,0.04,1.61,0.06,8,3,EPL,2022-2023
2023-02-15,Arsenal,Man City,1.61,2.95,0.77,1.6,0.84,1.35,6,4,EPL,2022-2023
2023-02-18,Aston Villa,Arsenal,2.06,3.88,0.97,1.41,1.09,2.47,3,5,EPL,2022-2023
2023-02-18,Brighton,Fulham,0.39,1.35,0.2,0.5,0.19,0.85,3,1,EPL,2022-2023
2023-02-18,Everton,Leeds,1.02,0.51,0.45,0.26,0.57,0.25,5,5,EPL,2022-2023
2023-02-18,Nott'm Forest,Man City,1.19,1.72,0.46,0.79,0.73,0.93,6,1,EPL,2022-2023
2023-02-18,Wolves,Bournemouth,0.77,0.87,0.31,0.33,0.46,0.54,5,7,EPL,2022-2023
2023-02-18,Newcastle,Liverpool,0.52,2.22,0.24,0.79,0.28,1.43,3,5,EPL,2022-2023
2023-02-18,Chelsea,Southampton,0.73,1.82,0.38,0.72,0.35,1.1,3,1,EPL,2022-2023
2023-02-18,Brentford,Crystal Palace,1.98,1.37,0.94,0.48,1.04,0.89,4,5,EPL,2022-2023
2023-02-19,Man United,Leicester,3.01,0.22,1.51,0.09,1.5,0.13,3,5,EPL,2022-2023
2023-02-19,Tottenham,West Ham,1.71,0.3,0.92,0.15,0.79,0.15,8,1,EPL,2022-2023
2023-02-24,Fulham,Wolves,1.59,0.78,0.72,0.39,0.87,0.39,6,3,EPL,2022-2023
2023-02-25,Crystal Palace,Liverpool,0.63,0.44,0.27,0.18,0.36,0.26,2,1,EPL,2022-2023
2023-02-25,West Ham,Nott'm Forest,3.66,0.36,1.31,0.13,2.35,0.23,3,2,EPL,2022-2023
2023-02-25,Bournemouth,Man City,1.58,4.0,0.69,2.17,0.89,1.83,2,3,EPL,2022-2023
2023-02-25,Leeds,Southampton,1.58,0.11,0.84,0.05,0.74,0.06,7,1,EPL,2022-2023
2023-02-25,Everton,Aston Villa,0.27,2.41,0.15,0.95,0.12,1.46,6,1,EPL,2022-2023
2023-02-25,Leicester,Arsenal,0.15,0.97,0.06,0.49,0.09,0.48,4,2,EPL,2022-2023
2023-02-26,Tottenham,Chelsea,2.12,0.91,0.94,0.43,1.18,0.48,8,6,EPL,2022-2023
2023-03-01,Liverpool,Wolves,1.92,0.75,0.69,0.39,1.23,0.36,3,7,EPL,2022-2023
2023-03-01,Arsenal,Everton,4.14,0.61,1.64,0.27,2.5,0.34,3,3,EPL,2022-2023
2023-03-04,Man City,Newcastle,2.19,0.1,1.04,0.04,1.15,0.06,4,6,EPL,2022-2023
2023-03-04,Chelsea,Leeds,1.52,0.5,0.7,0.19,0.82,0.31,8,4,EPL,2022-2023
2023-03-04,Arsenal,Bournemouth,3.4,2.58,1.41,1.05,1.99,1.53,3,5,EPL,2022-2023
2023-03-04,Wolves,Tottenham,1.31,0.1,0.7,0.04,0.61,0.06,3,1,EPL,2022-2023
2023-03-04,Brighton,West Ham,4.43,0.71,1.84,0.35,2.59,0.36,8,4,EPL,2022-2023
2023-03-04,Aston Villa,Crystal Palace,0.99,0.58,0.51,0.22,0.48,0.36,3,3,EPL,2022-2023
2023-03-04,Southampton,Leicester,1.45,0.75,0.77,0.41,0.68,0.34,7,7,EPL,2022-2023
2023-03-05,Liverpool,Man United,4.5,0.23,2.0,0.11,2.5,0.12,6,5,EPL,2022-2023
2023-03-05,Nott'm Forest,Everton,1.96,2.48,0.81,0.91,1.15,1.57,3,2,EPL,2022-2023
2023-03-06,Brentford,Fulham,3.42,2.46,1.6,1.04,1.82,1.42,2,7,EPL,2022-2023
2023-03-11,Leicester,Chelsea,1.34,2.9,0.73,1.53,0.61,1.37,8,4,EPL,2022-2023
2023-03-11,Tottenham,Nott'm Forest,3.03,1.13,1.14,0.56,1.89,0.57,4,1,EPL,2022-2023
2023-03-11,Crystal Palace,Man City,0.97,2.35,0.42,0.89,0.55,1.46,8,3,EPL,2022-2023
2023-03-11,Leeds,Brighton,1.57,2.37,0.75,0.85,0.82,1.52,7,2,EPL,2022-2023
2023-03-11,Bournemouth,Liverpool,0.85,0.1,0.42,0.04,0.43,0.06,7,5,EPL,2022-2023
2023-03-11,Everton,Brentford,2.0,1.05,0.75,0.47,1.25,0.58,6,4,EPL,2022-2023
2023-03-12,West Ham,Aston Villa,1.16,1.5,0.57,0.6,0.59,0.9,8,1,EPL,2022-2023
2023-03-12,Newcastle,Wolves,1.7,1.73,0.81,0.71,0.89,1.02,7,6,EPL,2022-2023
2023-03-12,Fulham,Arsenal,0.77,2.98,0.28,1.36,0.49,1.62,4,4,EPL,2022-2023
2023-03-12,Man United,Southampton,0.38,0.22,0.15,0.11,0.23,0.11,8,5,EPL,2022-2023
2023-03-15,Southampton,Brentford,0.48,2.11,0.22,1.01,0.26,1.1,6,5,EPL,2022-2023
2023-03-15,Brighton,Crystal Palace,1.49,0.14,0.72,0.06,0.77,0.08,6,7,EPL,2022-2023
2023-03-17,Nott'm Forest,Newcastle,1.42,1.94,0.61,0.9,0.81,1.04,7,4,EPL,2022-2023
2023-03-18,Aston Villa,Bournemouth,3.29,0.72,1.59,0.38,1.7,0.34,3,5,EPL,2022-2023
2023-03-18,Wolves,Leeds,2.57,4.0,0.93,2.16,1.64,1.84,8,5,EPL,2022-2023
2023-03-18,Brentford,Leicester,1.09,1.69,0.51,0.79,0.58,0.9,8,6,EPL,2022-2023
2023-03-18,Chelsea,Everton,2.83,2.5,1.33,0.96,1.5,1.54,7,5,EPL,2022-2023
2023-03-18,Southampton,Tottenham,3.07,2.61,1.49,1.34,1.58,1.27,8,5,EPL,2022-2023
2023-03-19,Arsenal,Crystal Palace,4.5,0.96,1.69,0.4,2.81,0.56,6,5,EPL,2022-2023
2023-04-01,Chelsea,Aston Villa,0.15,2.15,0.06,0.99,0.09,1.16,3,4,EPL,2022-2023
2023-04-01,Crystal Palace,Leicester,2.55,1.09,1.13,0.55,1.42,0.54,3,1,EPL,2022-2023
2023-04-01,Man City,Liverpool,3.78,0.72,1.45,0.29,2.33,0.43,7,5,EPL,2022-2023
2023-04-01,Nott'm Forest,Wolves,1.91,1.61,0.68,0.82,1.23,0.79,2,7,EPL,2022-2023
2023-04-01,Bournemouth,Fulham,1.34,1.6,0.48,0.64,0.86,0.96,6,1,EPL,2022-2023
2023-04-01,Brighton,Brentford,2.84,3.34,1.52,1.18,1.32,2.16,2,7,EPL,2022-2023
2023-04-01,Arsenal,Leeds,3.33,0.68,1.21,0.26,2.12,0.42,7,6,EPL,2022-2023
2023-04-02,Newcastle,Man United,2.4,0.72,1.06,0.39,1.34,0.33,4,7,EPL,2022-2023
2023-04-02,West Ham,Southampton,1.39,0.4,0.74,0.15,0.65,0.25,6,5,EPL,2022-2023
2023-04-03,Everton,Tottenham,1.72,2.3,0.62,1.04,1.1,1.26,6,6,EPL,2022-2023
2023-04-04,Chelsea,Liverpool,0.75,0.1,0.31,0.05,0.44,0.05,3,5,EPL,2022-2023
2023-04-04,Bournemouth,Brighton,0.82,2.54,0.31,0.9,0.51,1.64,3,7,EPL,2022-2023
2023-04-04,Leicester,Aston Villa,1.57,2.54,0.58,1.14,0.99,1.4,8,4,EPL,2022-2023
2023-04-04,Leeds,Nott'm Forest,3.11,0.9,1.44,0.45,1.67,0.45,6,5,EPL,2022-2023
2023-04-05,West Ham,Newcastle,1.42,4.0,0.53,1.55,0.89,2.45,8,2,EPL,2022-2023
2023-04-05,Man United,Brentford,1.33,0.41,0.49,0.18,0.84,0.23,6,3,EPL,2022-2023
2023-04-08,Leicester,Bournemouth,0.19,1.39,0.08,0.69,0.11,0.7,5,4,EPL,2022-2023
2023-04-08,Southampton,Man City,0.95,4.0,0.36,2.17,0.59,1.83,6,4,EPL,2022-2023
2023-04-08,Tottenham,Brighton,2.27,1.23,0.88,0.58,1.39,0.65,5,3,EPL,2022-2023
2023-04-08,Fulham,West Ham,0.73,1.74,0.29,0.81,0.44,0.93,7,2,EPL,2022-2023
2023-04-08,Brentford,Newcastle,1.47,2.38,0.75,1.12,0.72,1.26,2,1,EPL,2022-2023
2023-04-08,Aston Villa,Nott'm Forest,1.99,0.74,1.06,0.34,0.93,0.4,2,2,EPL,2022-2023
2023-04-08,Man United,Everton,2.66,0.18,1.15,0.07,1.51,0.11,3,4,EPL,2022-2023
2023-04-08,Wolves,Chelsea,1.67,0.76,0.65,0.4,1.02,0.36,2,2,EPL,2022-2023
2023-04-09,Leeds,Crystal Palace,1.55,4.0,0.59,1.45,0.96,2.55,5,5,EPL,2022-2023
2023-04-09,Liverpool,Arsenal,1.94,2.25,0.79,0.95,1.15,1.3,3,3,EPL,2022-2023
2023-04-15,Tottenham,Bournemouth,2.8,3.05,1.35,1.21,1.45,1.84,8,5,EPL,2022-2023
2023-04-15,Wolves,Brentford,2.2,0.31,0.99,0.16,1.21,0.15,4,1,EPL,2022-2023
2023-04-15,Everton,Fulham,1.6,2.64,0.62,1.33,0.98,1.31,4,6,EPL,2022-2023
2023-04-15,Man City,Leicester,2.19,0.71,0.81,0.3,1.38,0.41,4,6,EPL,2022-2023
2023-04-15,Southampton,Crystal Palace,0.15,2.4,0.08,0.92,0.07,1.48,4,4,EPL,2022-2023
2023-04-15,Chelsea,Brighton,1.33,1.84,0.59,0.68,0.74,1.16,8,2,EPL,2022-2023
2023-04-15,Aston Villa,Newcastle,2.72,1.67,0.99,0.61,1.73,1.06,2,4,EPL,2022-2023
2023-04-16,West Ham,Arsenal,2.4,1.88,0.93,0.76,1.47,1.12,5,6,EPL,2022-2023
2023-04-16,Nott'm Forest,Man United,1.33,1.72,0.64,0.93,0.69,0.79,8,3,EPL,2022-2023
2023-04-17,Leeds,Liverpool,0.94,4.0,0.36,1.92,0.58,2.08,8,7,EPL,2022-2023
2023-04-21,Arsenal,Southampton,3.48,2.79,1.25,1.15,2.23,1.64,5,3,EPL,2022-2023
2023-04-22,Leicester,Wolves,2.07,1.66,0.93,0.58,1.14,1.08,7,2,EPL,2022-2023
2023-04-22,Crystal Palace,Everton,0.35,0.91,0.18,0.44,0.17,0.47,3,1,EPL,2022-2023
2023-04-22,Liverpool,Nott'm Forest,2.9,2.15,1.49,0.88,1.41,1.27,4,6,EPL,2022-2023
2023-04-22,Brentford,Aston Villa,1.67,1.42,0.87,0.56,0.8,0.86,5,2,EPL,2022-2023
2023-04-22,Fulham,Leeds,2.61,1.5,1.11,0.73,1.5,0.77,2,5,EPL,2022-2023
2023-04-23,Newcastle,Tottenham,4.5,0.97,1.74,0.51,2.76,0.46,4,1,EPL,2022-2023
2023-04-23,Bournemouth,West Ham,0.69,4.0,0.34,2.11,0.35,1.89,5,6,EPL,2022-2023
2023-04-25,Leeds,Leicester,1.55,1.33,0.58,0.7,0.97,0.63,8,4,EPL,2022-2023
2023-04-25,Aston Villa,Fulham,1.2,0.1,0.61,0.04,0.59,0.06,4,1,EPL,2022-2023
2023-04-25,Wolves,Crystal Palace,2.88,0.77,1.33,0.37,1.55,0.4,3,6,EPL,2022-2023
2023-04-26,Chelsea,Brentford,0.79,1.99,0.41,0.73,0.38,1.26,3,5,EPL,2022-2023
2023-04-26,Man City,Arsenal,3.79,1.32,1.83,0.56,1.96,0.76,8,4,EPL,2022-2023
2023-04-26,Nott'm Forest,Brighton,2.99,1.76,1.5,0.62,1.49,1.14,8,4,EPL,2022-2023
2023-04-26,West Ham,Liverpool,2.0,2.16,0.93,1.18,1.07,0.98,8,6,EPL,2022-2023
2023-04-27,Everton,Newcastle,0.48,4.0,0.19,1.42,0.29,2.58,5,6,EPL,2022-2023
2023-04-27,Tottenham,Man United,2.14,2.15,0.99,0.86,1.15,1.29,2,7,EPL,2022-2023
2023-04-27,Southampton,Bournemouth,0.15,0.41,0.07,0.21,0.08,0.2,6,5,EPL,2022-2023
2023-04-29,Crystal Palace,West Ham,3.55,3.73,1.69,1.59,1.86,2.14,6,6,EPL,2022-2023
2023-04-29,Brentford,Nott'm Forest,2.53,0.89,1.39,0.34,1.14,0.55,8,5,EPL,2022-2023
2023-04-29,Brighton,Wolves,4.5,0.81,1.84,0.45,2.66,0.36,6,7,EPL,2022-2023
2023-04-30,Fulham,Man City,2.27,1.64,0.99,0.7,1.28,0.94,5,3,EPL,2022-2023
2023-04-30,Newcastle,Southampton,3.22,1.04,1.29,0.55,1.93,0.49,3,7,EPL,2022-2023
2023-04-30,Bournemouth,Leeds,3.87,1.03,1.62,0.53,2.25,0.5,8,6,EPL,2022-2023
2023-04-30,Man United,Aston Villa,1.39,0.81,0.66,0.41,0.73,0.4,8,7,EPL,2022-2023
2023-04-30,Liverpool,Tottenham,4.25,3.32,1.78,1.57,2.47,1.75,3,5,EPL,2022-2023
2023-05-01,Leicester,Everton,2.97,2.62,1.09,1.44,1.88,1.18,6,1,EPL,2022-2023
2023-05-02,Arsenal,Chelsea,2.8,0.59,1.06,0.31,1.74,0.28,6,4,EPL,2022-2023
2023-05-03,Man City,West Ham,3.64,0.29,1.71,0.15,1.93,0.14,3,1,EPL,2022-2023
2023-05-03,Liverpool,Fulham,0.77,1.11,0.34,0.46,0.43,0.65,3,3,EPL,2022-2023
2023-05-04,Brighton,Man United,1.42,0.4,0.57,0.19,0.85,0.21,6,1,EPL,2022-2023
2023-05-06,Tottenham,Crystal Palace,1.64,0.62,0.83,0.32,0.81,0.3,2,3,EPL,2022-2023
2023-05-06,Liverpool,Brentford,1.24,0.74,0.61,0.3,0.63,0.44,5,2,EPL,2022-2023
2023-05-06,Bournemouth,Chelsea,0.42,3.47,0.2,1.69,0.22,1.78,2,1,EPL,2022-2023
2023-05-06,Man City,Leeds,2.61,0.83,1.35,0.41,1.26,0.42,5,3,EPL,2022-2023
2023-05-06,Wolves,Aston Villa,1.56,0.75,0.63,0.39,0.93,0.36,6,5,EPL,2022-2023
2023-05-07,Newcastle,Arsenal,0.31,2.03,0.13,0.84,0.18,1.19,7,6,EPL,2022-2023
2023-05-07,West Ham,Man United,0.92,0.1,0.33,0.05,0.59,0.05,6,2,EPL,2022-2023
2023-05-08,Nott'm Forest,Southampton,4.33,2.15,2.27,0.8,2.06,1.35,8,1,EPL,2022-2023
2023-05-08,Brighton,Everton,1.59,4.0,0.74,1.51,0.85,2.49,5,4,EPL,2022-2023
2023-05-08,Fulham,Leicester,4.5,3.21,1.84,1.39,2.66,1.82,5,5,EPL,2022-2023
2023-05-13,Chelsea,Nott'm Forest,2.46,2.22,1.22,1.2,1.24,1.02,6,6,EPL,2022-2023
2023-05-13,Aston Villa,Tottenham,2.23,2.08,1.11,1.1,1.12,0.98,7,4,EPL,2022-2023
2023-05-13,Leeds,Newcastle,2.8,2.27,1.49,1.03,1.31,1.24,2,4,EPL,2022-2023
2023-05-13,Crystal Palace,Bournemouth,2.09,0.16,1.05,0.08,1.04,0.08,6,5,EPL,2022-2023
2023-05-13,Man United,Wolves,2.11,0.1,1.01,0.05,1.1,0.05,2,6,EPL,2022-2023
2023-05-13,Southampton,Fulham,1.2,1.88,0.64,0.66,0.56,1.22,6,4,EPL,2022-2023
2023-05-14,Everton,Man City,0.73,3.41,0.31,1.58,0.42,1.83,3,6,EPL,2022-2023
2023-05-14,Brentford,West Ham,2.2,0.43,1.13,0.18,1.07,0.25,7,2,EPL,2022-2023
2023-05-14,Arsenal,Brighton,0.27,3.05,0.1,1.27,0.17,1.78,2,5,EPL,2022-2023
2023-05-15,Leicester,Liverpool,0.15,2.69,0.08,1.31,0.07,1.38,6,1,EPL,2022-2023
2023-05-18,Newcastle,Brighton,3.61,1.25,1.95,0.5,1.66,0.75,3,4,EPL,2022-2023
2023-05-20,Fulham,Crystal Palace,2.28,2.25,1.25,0.89,1.03,1.36,2,4,EPL,2022-2023
2023-05-20,Nott'm Forest,Arsenal,1.87,0.1,0.67,0.05,1.2,0.05,3,1,EPL,2022-2023
2023-05-20,Tottenham,Brentford,1.06,2.82,0.5,1.01,0.56,1.81,6,2,EPL,2022-2023
2023-05-20,Bournemouth,Man United,0.82,1.93,0.4,0.97,0.42,0.96,2,2,EPL,2022-2023
2023-05-20,Wolves,Everton,1.36,1.39,0.55,0.71,0.81,0.68,8,5,EPL,2022-2023
2023-05-20,Liverpool,Aston Villa,1.71,1.85,0.85,0.93,0.86,0.92,3,1,EPL,2022-2023
2023-05-21,Man City,Chelsea,1.45,1.41,0.71,0.77,0.74,0.64,7,7,EPL,2022-2023
2023-05-21,West Ham,Leeds,3.07,1.11,1.56,0.53,1.51,0.58,4,5,EPL,2022-2023
2023-05-21,Brighton,Southampton,2.66,0.99,1.03,0.53,1.63,0.46,7,7,EPL,2022-2023
2023-05-22,Newcastle,Leicester,0.87,1.38,0.44,0.61,0.43,0.77,4,6,EPL,2022-2023
2023-05-24,Brighton,Man City,1.9,1.58,1.02,0.71,0.88,0.87,7,6,EPL,2022-2023
2023-05-25,Man United,Chelsea,3.54,1.19,1.46,0.48,2.08,0.71,2,3,EPL,2022-2023
2023-05-28,Chelsea,Newcastle,1.76,1.05,0.81,0.37,0.95,0.68,3,3,EPL,2022-2023
2023-05-28,Crystal Palace,Nott'm Forest,1.77,1.72,0.88,0.89,0.89,0.83,3,3,EPL,2022-2023
2023-05-28,Everton,Bournemouth,0.8,0.6,0.34,0.27,0.46,0.33,7,7,EPL,2022-2023
2023-05-28,Brentford,Man City,1.85,0.1,0.73,0.04,1.12,0.06,6,1,EPL,2022-2023
2023-05-28,Man United,Fulham,1.89,1.46,0.76,0.52,1.13,0.94,5,5,EPL,2022-2023
2023-05-28,Leeds,Tottenham,0.71,3.55,0.36,1.54,0.35,2.01,5,3,EPL,2022-2023
2023-05-28,Leicester,West Ham,2.34,1.23,0.97,0.53,1.37,0.7,3,5,EPL,2022-2023
2023-05-28,Arsenal,Wolves,4.5,0.46,1.74,0.18,2.76,0.28,5,7,EPL,2022-2023
2023-05-28,Southampton,Liverpool,4.5,4.0,2.23,1.6,2.27,2.4,7,7,EPL,2022-2023
2023-05-28,Aston Villa,Brighton,2.15,0.96,0.77,0.4,1.38,0.56,3,5,EPL,2022-2023
